{"Epoches": {"0": {"Episodes": {"0": 294.8279037475586, "1": 295.0154037475586, "2": 295.2029037475586, "3": 295.4060287475586, "4": 295.5935287475586, "5": 295.7810287475586, "6": 295.9685287475586, "7": 296.1716537475586, "8": 296.3591537475586, "9": 296.5310287475586}, "total_compute_time_for_episodes_cnt": 0.3531806249999998, "total_num_SAR_collected": 2000, "time_spent_waiting_on_update": 0.1434007079999997}, "1": {"Episodes": {"0": 301.9060287475586, "1": 301.9372787475586, "2": 301.9685287475586, "3": 301.9841537475586, "4": 301.9997787475586, "5": 301.9997787475586, "6": 302.0154037475586, "7": 302.0154037475586, "8": 302.0466537475586, "9": 302.0779037475586}, "total_compute_time_for_episodes_cnt": 0.372037792, "total_num_SAR_collected": 2000, "time_spent_waiting_on_update": 0.1635854160000001}, "2": {"Episodes": {"0": 280.1404037475586, "1": 280.1404037475586, "2": 280.1404037475586, "3": 280.1404037475586, "4": 280.1560287475586, "5": 280.1560287475586, "6": 280.1560287475586, "7": 280.1560287475586, "8": 280.1560287475586, "9": 280.1560287475586}, "total_compute_time_for_episodes_cnt": 0.3732883339999997, "total_num_SAR_collected": 2000, "time_spent_waiting_on_update": 0.16233199999999925}}, "init_mem_usage": 292.328125, "episodes_per_epoch": 10, "total_execution_time": 6.838087208000001}