{"Epoches": {"0": {"Episodes": {"0": 295.9997787475586, "1": 296.1872787475586, "2": 296.3904037475586, "3": 296.5466537475586, "4": 296.7029037475586, "5": 296.8904037475586, "6": 297.0779037475586, "7": 297.2810287475586, "8": 297.4685287475586, "9": 297.6560287475586}, "total_compute_time_for_episodes_cnt": 0.3513626670000001, "total_num_SAR_collected": 2000, "time_spent_waiting_on_update": 0.14332549999999955}, "1": {"Episodes": {"0": 300.3435287475586, "1": 300.3747787475586, "2": 300.3904037475586, "3": 300.4216537475586, "4": 300.4372787475586, "5": 300.4372787475586, "6": 300.4685287475586, "7": 300.4685287475586, "8": 300.4841537475586, "9": 300.5154037475586}, "total_compute_time_for_episodes_cnt": 0.3771319160000006, "total_num_SAR_collected": 2000, "time_spent_waiting_on_update": 0.1637595420000011}, "2": {"Episodes": {"0": 163.7185287475586, "1": 163.7341537475586, "2": 163.7341537475586, "3": 163.7341537475586, "4": 163.7341537475586, "5": 163.7341537475586, "6": 163.7341537475586, "7": 163.7341537475586, "8": 163.7810287475586, "9": 163.7966537475586}, "total_compute_time_for_episodes_cnt": 0.3665474159999995, "total_num_SAR_collected": 2000, "time_spent_waiting_on_update": 0.16240095800000098}}, "init_mem_usage": 293.5, "episodes_per_epoch": 10, "total_execution_time": 11.866058458000001}