{"Epoches": {"0": {"Episodes": {"0": 296.1091537475586, "1": 296.2966537475586, "2": 296.4841537475586, "3": 296.6716537475586, "4": 296.8591537475586, "5": 297.0466537475586, "6": 297.2341537475586, "7": 297.4372787475586, "8": 297.6560287475586, "9": 297.8435287475586}, "total_compute_time_for_episodes_cnt": 0.3496835420000002, "total_num_SAR_collected": 2000, "time_spent_waiting_on_update": 0.14179454099999944}, "1": {"Episodes": {"0": 251.9372787475586, "1": 251.9372787475586, "2": 251.9372787475586, "3": 251.9685287475586, "4": 251.9841537475586, "5": 252.0154037475586, "6": 252.1247787475586, "7": 252.1560287475586, "8": 252.1872787475586, "9": 252.2029037475586}, "total_compute_time_for_episodes_cnt": 0.374277792, "total_num_SAR_collected": 2000, "time_spent_waiting_on_update": 0.16541733299999883}, "2": {"Episodes": {"0": 220.9216537475586, "1": 220.9216537475586, "2": 220.9216537475586, "3": 220.9216537475586, "4": 220.9372787475586, "5": 220.9372787475586, "6": 220.9372787475586, "7": 220.9372787475586, "8": 220.9372787475586, "9": 220.9372787475586}, "total_compute_time_for_episodes_cnt": 0.375111167, "total_num_SAR_collected": 2000, "time_spent_waiting_on_update": 0.16371937499999945}}, "init_mem_usage": 293.578125, "episodes_per_epoch": 10, "total_execution_time": 11.827552583}