{"Epoches": {"0": {"Episodes": {"0": 297.5154037475586, "1": 297.6716537475586, "2": 297.8591537475586, "3": 298.0466537475586, "4": 298.2341537475586, "5": 298.4216537475586, "6": 298.6091537475586, "7": 298.8122787475586, "8": 299.0154037475586, "9": 299.2029037475586}, "total_compute_time_for_episodes_cnt": 0.34819491599999997, "total_num_SAR_collected": 2000, "time_spent_waiting_on_update": 0.14186074999999998}, "1": {"Episodes": {"0": 303.5935287475586, "1": 303.5935287475586, "2": 303.6091537475586, "3": 303.6247787475586, "4": 303.6560287475586, "5": 303.6716537475586, "6": 303.7029037475586, "7": 303.7341537475586, "8": 303.7341537475586, "9": 303.7654037475586}, "total_compute_time_for_episodes_cnt": 0.366826208, "total_num_SAR_collected": 2000, "time_spent_waiting_on_update": 0.16572566699999935}, "2": {"Episodes": {"0": 305.9841537475586, "1": 306.0154037475586, "2": 306.0310287475586, "3": 306.0310287475586, "4": 306.0310287475586, "5": 306.0310287475586, "6": 306.0466537475586, "7": 306.0779037475586, "8": 306.0779037475586, "9": 306.0779037475586}, "total_compute_time_for_episodes_cnt": 0.36752704199999986, "total_num_SAR_collected": 2000, "time_spent_waiting_on_update": 0.1638134579999999}}, "init_mem_usage": 295.03125, "episodes_per_epoch": 10, "total_execution_time": 6.8336084999999995}